Date,Name,Year,Letterboxd URI
2024-07-19,Cosmopolis,2012,https://boxd.it/H4O
2024-07-19,Stop Making Sense,1984,https://boxd.it/1ygo
2024-07-19,The Dead Zone,1983,https://boxd.it/1U6g
2024-07-19,Scanners,1981,https://boxd.it/1YqE
2024-07-19,Sudden Death,1995,https://boxd.it/1ZbA
2024-07-19,Naked Lunch,1991,https://boxd.it/26ow
2024-07-19,Eastern Promises,2007,https://boxd.it/275q
2024-07-19,Strange Days,1995,https://boxd.it/2aGO
2024-07-19,Call Me by Your Name,2017,https://boxd.it/dYmm
2024-07-19,Columbus,2017,https://boxd.it/eCuA
2024-07-19,After Yang,2021,https://boxd.it/lx5a
2024-07-19,Beastie Boys Story,2020,https://boxd.it/oIW6
2024-07-19,David Byrne's American Utopia,2020,https://boxd.it/oUAG
2024-07-19,La Chimera,2023,https://boxd.it/vzVi
2024-07-19,Brian and Charles,2022,https://boxd.it/yoOQ
2024-07-19,The Bikeriders,2023,https://boxd.it/C6Ym
2024-07-19,Thelma,2024,https://boxd.it/DOou
2024-07-19,2046,2004,https://boxd.it/29tu
2024-07-19,The Lobster,2015,https://boxd.it/7tnw
2024-07-19,Another Round,2020,https://boxd.it/lkba
2024-07-19,Drive My Car,2021,https://boxd.it/sv94
2024-07-19,Problemista,2023,https://boxd.it/waGO
2024-07-19,Cuckoo,2024,https://boxd.it/wMjI
2024-07-19,The Beast,2023,https://boxd.it/yqmk
2024-07-19,Ghostbusters: Frozen Empire,2024,https://boxd.it/AxYu
2024-07-19,"LaRoy, Texas",2023,https://boxd.it/BRJQ
2024-07-19,The Sweet East,2023,https://boxd.it/CcHw
2024-07-19,The Last Stop in Yuma County,2023,https://boxd.it/DCVQ
2024-07-19,American Fiction,2023,https://boxd.it/DYHm
2024-07-19,Evil Does Not Exist,2023,https://boxd.it/HJrc
2024-07-19,Enter the Dragon,1973,https://boxd.it/1YCA
2024-07-19,Life,2017,https://boxd.it/dRqG
2024-07-19,Killers of the Flower Moon,2023,https://boxd.it/gHp0
2024-07-19,Born Strong,2017,https://boxd.it/hwdO
2024-07-19,Promising Young Woman,2020,https://boxd.it/loRE
2024-07-19,Teenage Mutant Ninja Turtles: Mutant Mayhem,2023,https://boxd.it/mK0a
2024-07-19,Mad God,2021,https://boxd.it/vVPm
2024-07-19,Reptile,2023,https://boxd.it/wKjc
2024-07-19,Society of the Snow,2023,https://boxd.it/y9aw
2024-07-19,A Haunting in Venice,2023,https://boxd.it/zGdg
2024-07-19,You Are So Not Invited to My Bat Mitzvah,2023,https://boxd.it/BMeI
2024-07-19,Self Reliance,2023,https://boxd.it/EzDG
2024-07-19,Clue,1985,https://boxd.it/1MDQ
2024-07-19,Following,1998,https://boxd.it/1Tj4
2024-07-19,Chariots of Fire,1981,https://boxd.it/1YFu
2024-07-19,The Thin Red Line,1998,https://boxd.it/1ZTM
2024-07-19,Cast Away,2000,https://boxd.it/20i8
2024-07-19,Dr. Strangelove or: How I Learned to Stop Worrying and Love the Bomb,1964,https://boxd.it/29eY
2024-07-19,La Haine,1995,https://boxd.it/2as8
2024-07-19,Amadeus,1984,https://boxd.it/2aH8
2024-07-19,Free Fire,2016,https://boxd.it/b2Ig
2024-07-19,Becky,2020,https://boxd.it/mcOg
2024-07-19,Red Rocket,2021,https://boxd.it/sGpi
2024-07-19,Beau Is Afraid,2023,https://boxd.it/u2gE
2024-07-19,Corner Office,2022,https://boxd.it/u7to
2024-07-19,Shin Kamen Rider,2023,https://boxd.it/uDlw
2024-07-19,Air,2023,https://boxd.it/Arlc
2024-07-19,Enter the Void,2009,https://boxd.it/1dy2
2024-07-19,Heavy Metal,1981,https://boxd.it/1SZI
2024-07-19,The Adventures of Buckaroo Banzai Across the 8th Dimension,1984,https://boxd.it/1TZk
2024-07-19,The Abyss,1989,https://boxd.it/26mK
2024-07-19,Swiss Army Man,2016,https://boxd.it/bDG2
2024-07-19,Possessor,2020,https://boxd.it/fsJW
2024-07-19,Three Thousand Years of Longing,2022,https://boxd.it/kmoy
2024-07-19,The Death of Dick Long,2019,https://boxd.it/kIoA
2024-07-19,Shin Ultraman,2022,https://boxd.it/nwas
2024-07-19,Murder Mystery 2,2023,https://boxd.it/nHOo
2024-07-19,The Northman,2022,https://boxd.it/nK2s
2024-07-19,My Old School,2022,https://boxd.it/ypuC
2024-07-19,Glorious,2022,https://boxd.it/zrn6
2024-07-19,All Quiet on the Western Front,2022,https://boxd.it/H08
2024-07-19,Brick,2005,https://boxd.it/1Z6A
2024-07-19,The Departed,2006,https://boxd.it/28MA
2024-07-19,Chinatown,1974,https://boxd.it/29vU
2024-07-19,The Guard,2011,https://boxd.it/2eBS
2024-07-19,Isle of Dogs,2018,https://boxd.it/dZrW
2024-07-19,Lou,2022,https://boxd.it/fdFK
2024-07-19,Synchronic,2019,https://boxd.it/k3M2
2024-07-19,The Call,2020,https://boxd.it/l94W
2024-07-19,The Father,2020,https://boxd.it/m8Ie
2024-07-19,White Noise,2022,https://boxd.it/rXgK
2024-07-19,Living,2022,https://boxd.it/syDQ
2024-07-19,Women Talking,2022,https://boxd.it/tdq4
2024-07-19,Skinamarink,2022,https://boxd.it/ByDO
2024-07-19,Bones and All,2022,https://boxd.it/tLd4
2024-07-19,The Fabelmans,2022,https://boxd.it/ugoM
2024-07-19,Smile,2022,https://boxd.it/xjfE
2024-07-19,Aftersun,2022,https://boxd.it/Arw0
2024-07-22,Oddity,2024,https://boxd.it/K9pg
2024-07-24,Nightmare Alley,2021,https://boxd.it/m0HC
2024-07-31,Greedy People,2024,https://boxd.it/ANiu
2024-08-02,Time Bandits,1981,https://boxd.it/19KI
2024-08-03,Raising Arizona,1987,https://boxd.it/2avQ
2024-08-07,Mars Express,2023,https://boxd.it/lATC
2024-08-17,Omni Loop,2024,https://boxd.it/HdWC
2024-09-15,The Killing of a Sacred Deer,2017,https://boxd.it/dZ5G
2024-09-20,Mank,2020,https://boxd.it/mIuC
2024-09-21,Death Proof,2007,https://boxd.it/27GG
2024-09-21,Grindhouse,2007,https://boxd.it/8RwY
2024-09-21,Perfect Blue,1997,https://boxd.it/1W7A
2024-09-21,Moonrise Kingdom,2012,https://boxd.it/2Wng
2024-09-21,Phantom Thread,2017,https://boxd.it/e4uc
2024-09-21,Batman Ninja,2018,https://boxd.it/hwle
2024-09-24,In Camera,2023,https://boxd.it/EN46
2024-09-26,Dark City,1998,https://boxd.it/26uk
2024-09-26,Upgrade,2018,https://boxd.it/i4gW
2024-10-05,Restore Point,2023,https://boxd.it/Ey6c
2024-10-06,Wolfs,2024,https://boxd.it/x6zG
2024-10-11,Hellboy: The Crooked Man,2024,https://boxd.it/F9pg
2024-10-16,Blue Thunder,1983,https://boxd.it/21NG
2024-11-14,The Contestant,2023,https://boxd.it/HKUa
2024-11-17,Look Back,2024,https://boxd.it/LjA6
2024-11-21,The Fall,2006,https://boxd.it/1NoM
2024-12-20,Queer,2024,https://boxd.it/E4RW
2024-12-20,Sonic the Hedgehog 2,2022,https://boxd.it/pb8O
2024-12-20,Sonic the Hedgehog 3,2024,https://boxd.it/zq0U
2024-12-20,Carry-On,2024,https://boxd.it/C0B2
2024-12-31,Saturday Night,2024,https://boxd.it/Gpfo
2024-12-31,Sasquatch Sunset,2024,https://boxd.it/Coz0
2025-01-09,Bring Them Down,2024,https://boxd.it/uiDa
2025-01-21,Juror #2,2024,https://boxd.it/FRwU
2025-01-27,In Search of Darkness,2019,https://boxd.it/lA5M
2025-01-28,Infinity Pool,2023,https://boxd.it/oPSK
2025-02-16,Thank You Very Much,2023,https://boxd.it/HJDi
2025-02-24,The Accountant,2016,https://boxd.it/9EhI
2025-02-26,Sing Sing,2023,https://boxd.it/HIBA
2025-02-27,The Surfer,2024,https://boxd.it/GFEE
2025-03-10,Barry Lyndon,1975,https://boxd.it/25A2
2025-03-18,Psycho Therapy: The Shallow Tale of a Writer Who Decided to Write About a Serial Killer,2024,https://boxd.it/ppNG
2025-03-31,Lady Vengeance,2005,https://boxd.it/248G
2025-03-31,Ichi the Killer,2001,https://boxd.it/1Y1O
2025-04-08,Threads,1984,https://boxd.it/1I0g
2025-04-19,Flow,2024,https://boxd.it/v1Ei
2025-04-27,Brick,2025,https://boxd.it/SITw
2025-04-29,Mountainhead,2025,https://boxd.it/Sskq
2025-05-07,Anatomy of a Murder,1959,https://boxd.it/2baa
2025-05-08,Drive-Away Dolls,2024,https://boxd.it/A8vi
2025-05-08,Honey Don't!,2025,https://boxd.it/Hurc
2025-05-18,Near Dark,1987,https://boxd.it/1SRO
2025-05-20,Raw,2016,https://boxd.it/dLd2
2025-05-20,Titane,2021,https://boxd.it/nlQC
2025-05-30,Rebecca,1940,https://boxd.it/2aQa
2025-05-30,Notorious,1946,https://boxd.it/2aDK
2025-06-09,The Exorcist III,1990,https://boxd.it/1Tum
2025-06-10,Bring Her Back,2025,https://boxd.it/Hxlc
2025-06-28,Dogtooth,2009,https://boxd.it/158K
2025-06-28,Alps,2011,https://boxd.it/2RHg
2025-07-01,The Penguin Lessons,2024,https://boxd.it/F6xQ
2025-07-08,Brokeback Mountain,2005,https://boxd.it/2b2q
2025-07-08,Final Destination Bloodlines,2025,https://boxd.it/l5y4
2025-07-14,Another Simple Favor,2025,https://boxd.it/AO6k
2025-07-14,Sovereign,2025,https://boxd.it/GIP6
2025-07-22,After the Hunt,2025,https://boxd.it/Mdra
2025-07-29,Black Forest,2012,https://boxd.it/3i0S
2025-07-29,The Black Forest,2019,https://boxd.it/myJs
2025-07-30,Now You See Me 2,2016,https://boxd.it/99fw
2025-07-31,Sex,2024,https://boxd.it/KFok
2025-07-31,Eddington,2025,https://boxd.it/o6MC
2025-08-01,American Sweatshop,2025,https://boxd.it/K6tu
2025-08-08,Adulthood,2025,https://boxd.it/EYKW
2025-08-15,Vivarium,2019,https://boxd.it/gmVE
2025-08-24,Short Cuts,1993,https://boxd.it/29Nk
2025-09-11,Nobody 2,2025,https://boxd.it/C5Lc
2025-09-20,Vampire Hunter D: Bloodlust,2000,https://boxd.it/1L3i
2025-09-20,Demon Slayer: Kimetsu no Yaiba Infinity Castle,2025,https://boxd.it/O1GQ
2025-09-20,Angel's Egg,1985,https://boxd.it/1LeA
2025-09-30,Good Boy,2025,https://boxd.it/SC0q
2025-10-12,Highlander II: The Quickening,1991,https://boxd.it/20Gu
2025-10-12,Highlander III: The Sorcerer,1994,https://boxd.it/20Gk
2025-10-18,The Long Walk,2025,https://boxd.it/mic8
2025-10-21,Lost in London,2017,https://boxd.it/frXo
2025-10-23,Phase IV,1974,https://boxd.it/iDY
2025-10-23,The Mastermind,2025,https://boxd.it/Q7ge
2025-11-01,Green Room,2015,https://boxd.it/a75m
2025-11-03,Tetsuo: The Iron Man,1989,https://boxd.it/ZoM
2025-11-03,Videodrome,1983,https://boxd.it/29uC
2025-11-19,Ballad of a Small Player,2025,https://boxd.it/MuZ4
2025-11-21,GAME,2025,https://boxd.it/XFBu
2025-12-05,Kill List,2011,https://boxd.it/2z4g
2025-12-10,Father Mother Sister Brother,2025,https://boxd.it/HRoU
2025-12-11,Until the End of the World,1991,https://boxd.it/1WuY
2025-12-18,Rental Family,2025,https://boxd.it/JQOw
2026-01-05,Springsteen: Deliver Me from Nowhere,2025,https://boxd.it/KJG8
2026-01-05,The Wailing,2016,https://boxd.it/9fLy
2026-01-05,Hope,2026,https://boxd.it/E3vU
2026-01-06,Anemone,2025,https://boxd.it/QxVi
2026-01-06,When Evil Lurks,2023,https://boxd.it/rXBe
2026-01-07,In the Mouth of Madness,1994,https://boxd.it/26vi
2026-01-09,Send Help,2026,https://boxd.it/JuhA
2026-01-09,Darkman,1990,https://boxd.it/1YnK
2026-01-11,Basket Case,1982,https://boxd.it/1qV4
2026-01-11,Frankenhooker,1990,https://boxd.it/1saE
2026-01-12,"Paris, Texas",1984,https://boxd.it/29Ts
2026-01-12,undertone,2025,https://boxd.it/UXeM
2026-01-16,Depeche Mode: M,2025,https://boxd.it/UkWU
2026-01-18,A Bittersweet Life,2005,https://boxd.it/1U4Y
2026-01-19,Save the Green Planet!,2003,https://boxd.it/1Uco
2026-01-20,Dead Man's Wire,2025,https://boxd.it/M8wu
2026-01-28,Sorry to Bother You,2018,https://boxd.it/f21E
2026-01-28,Tuner,2025,https://boxd.it/POtS
2026-01-28,Heel,2025,https://boxd.it/R9M4
2026-02-09,Ready or Not,2019,https://boxd.it/kOf0
2026-02-11,Soldier,1998,https://boxd.it/1YIo
2026-02-16,Coffee and Cigarettes,2003,https://boxd.it/29nc
2026-02-16,The Ipcress File,1965,https://boxd.it/1MzE
2026-02-20,Nirvanna the Band the Show the Movie,2025,https://boxd.it/HG9a
2026-02-22,Doomed Megalopolis,1991,https://boxd.it/x18q
2026-02-22,Tokyo: The Last Megalopolis,1988,https://boxd.it/2ACS
2026-02-23,Harold and Maude,1971,https://boxd.it/2axM
2026-02-25,The Killers,1946,https://boxd.it/1NGc
2026-03-01,Planet Terror,2007,https://boxd.it/27Gw
2026-03-09,Frontier(s),2007,https://boxd.it/1Q3M
2026-03-09,Crimes of the Future,2022,https://boxd.it/uTuY
2026-03-09,Breakdown: 1975,2025,https://boxd.it/Z2yq
2026-03-14,The Bride!,2026,https://boxd.it/HSw6
2026-03-22,One Spoon of Chocolate,2025,https://boxd.it/NfN0
2026-03-22,Ghost Dog: The Way of the Samurai,1999,https://boxd.it/23Ne
2026-03-28,Lord of Illusions,1995,https://boxd.it/1Ztk
2026-04-06,Down by Law,1986,https://boxd.it/28CA
2026-04-06,Night on Earth,1991,https://boxd.it/2ayq
2026-04-12,Terrified,2017,https://boxd.it/hCyy
2026-04-12,Exit 8,2025,https://boxd.it/S9Kk
2026-04-28,The Day the Earth Stood Still,1951,https://boxd.it/29w4
2026-04-30,Dust Bunny,2025,https://boxd.it/DtBW
2026-05-02,Close Encounters of the Third Kind,1977,https://boxd.it/29u8
2026-05-04,Henry: Portrait of a Serial Killer,1986,https://boxd.it/1VCM
2026-05-04,Climax,2018,https://boxd.it/ikvo
2026-05-06,Evil Dead Burn,2026,https://boxd.it/K1R2
2026-05-20,The Yellow Sea,2010,https://boxd.it/2j6q
2026-05-20,Bringing Godzilla Down to Size: The Art of Japanese Special Effects,2008,https://boxd.it/84Tu
2026-05-24,Tokyo Gore Police,2008,https://boxd.it/1KUq
2026-05-26,Mother Mary,2026,https://boxd.it/FILw
2026-05-26,Metro Manila,2013,https://boxd.it/4WXi
